Group,Rep_1,Rep_2,Rep_3,Rep_4,Rep_5,Rep_6,Rep_7,Rep_8,Rep_9,Rep_10,Rep_11,Rep_12,Rep_13,Rep_14,Rep_15,Rep_16,Rep_17,Rep_18,Rep_19,Rep_20
WT,5.2367463165,4.8683192863,5.2856392898,5.1,5.1,4.9,5.3,5.1,4.8,4.9,4.8,5.2,5,5,5.2,5.3,5.5,5.3,4.9,5.1
MT_1,3.2213828718,3.5510642068,3.8497331298,3.1,3.4,3.2,3.6,3.6,3.7,3.7,3.5,3.9,3.7,3.5,3.6,3.5,3.7,3.1,3.9,3.2
MT_2,2.5709662952,2.9693661482,NA,3,2.2,3.1,3,3,2.7,2.5,3.4,2.7,2.9,2.4,2.2,2.7,2.8,2.9,3.1,2.4
MT_3,3.9275579788,4.278942115,4.1055542688,4.2,3.9,4.1,3.9,3.7,4.2,3.9,4.2,3.7,3.9,3.9,4.1,4,4.2,4,4.3,4.1
